Bezeichnung,Kernladungszahl Z,Energie Kα-Strahlung Eα [keV],Peakbreite Kα-Strahlung σ [keV],SQRT(Eα),Fehler SQRT(Eα)
Fe,26,6.41,0.16,2.5317977802,0.4
Ni,28,7.5,0.15,2.7386127875,0.3872983346
Ti,22,4.43,0.17,2.104756518,0.4123105626
Zr,40,15.83,0.17,3.9786932528,0.4123105626
Ag,47,21.96,0.19,4.6861498055,0.4358898944
Zn,30,8.68,0.16,2.9461839725,0.4
Cu,29,8.08,0.15,2.8425340807,0.3872983346
Mo,42,17.48,0.17,4.1809089921,0.4123105626
