Bezeichnung,Kernladungszahl Z,Energie Kβ-Strahlung Eβ [keV],Peakbreite Kβ-Strahlung σ [keV],SQRT(Eβ),Fehler SQRT(Eβ)
Fe,26,7.05,0.18,2.6551836095,0.4242640687
Ni,28,8.29,0.16,2.8792360098,0.4
Ti,22,4.84,0.16,2.2,0.4
Zr,40,17.72,0.16,4.209513036,0.4
Ag,47,24.65,0.15,4.9648766349,0.3872983346
Zn,30,9.62,0.16,3.1016124839,0.4
Cu,29,8.94,0.17,2.9899832775,0.4123105626
Mo,42,19.58,0.2,4.424929378,0.4472135955
